P. Name,P. Zone Class,P. Mass Class,P. Composition Class,P. Atmosphere Class,P. Density (EU),P. Gravity (EU),P. Esc Vel (EU),P. SFlux Min (EU),P. SFlux Mean (EU),P. SFlux Max (EU),P. Teq Max (K),P. Mag,P. Appar Size (deg),P. Eccentricity,P. Mean Distance (AU),P. Omega (deg),S. Mass (SU),S. Teff (K),S. [Fe/H],S. Age (Gyrs),S. Appar Mag,S. Distance (pc),S. RA (hrs),S. DEC (deg),S. Mag from Planet,S. Size from Planet (deg),S. No. Planets,S. No. Planets HZ,S. Hab Zone Max (AU),P. HZD,P. HZC,P. HZA,P. HZI,P. SPH,P. ESI,S. HabCat,P. Habitable,P. Hab Moon,P. Confirmed,P. Habitable Class
GJ 163 c,Warm,Superterran,rocky-iron,metals-rich,1.19,2.17,1.99,0.5515569,0.6630019,0.804139,241.3,-18.05,3.48,0.09,0.12,235.4,0.4,3840.0,-0.06027140851661208,3.0,11.8,15.0,4.1544,-53.3736,-26.3,0.9881,3,1,0.212,-0.34,-0.14,0.81,0.53,0.08,0.73,0,1,0,1,psychroplanet
GJ 667 C e,Warm,Terran,rocky-iron,metals-rich,0.99,1.39,1.39,0.290249,0.3020295,0.3144201,190.8,-16.59,2.65,0.02,0.21,28.6,0.33,3350.0,-0.55,2.0,10.2,6.8,17.3158,-34.9897,-25.4,0.8714,6,3,0.251,0.51,-0.16,0.23,0.63,0.0,0.6,0,1,0,0,psychroplanet
GJ 667 C f,Warm,Terran,rocky-iron,metals-rich,0.99,1.39,1.39,0.5306531,0.5632069000000001,0.5983137,224.1,-17.28,2.65,0.03,0.16,103.0,0.33,3350.0,-0.55,2.0,10.2,6.8,17.3158,-34.9897,-26.1,1.19,6,3,0.251,-0.22,-0.16,0.08,0.78,0.0,0.77,0,1,0,0,psychroplanet
GJ 682 c,Warm,Superterran,rocky-iron,hydrogen-rich,1.24,2.37,2.13,0.3020603,0.3673006,0.45118450000000004,208.8,-17.51,3.64,0.1,0.18,320.9,0.27,3028.0,-0.06027140851661208,4.184758828596038,13.4,5.08,17.6177,-43.6808,-25.6,1.1831,2,1,0.232,0.23,-0.14,1.19,0.45,0.0,0.59,0,1,0,0,psychroplanet
GJ 3293 d,Warm,Superterran,rocky-iron,metals-rich,1.2,2.22,2.03,0.44768679999999994,0.5656049,0.7251003,235.1,-17.91,3.52,0.12,0.19,322.0,0.42,3466.0,0.02,4.184758828596038,12.0,17.9,4.4767,-25.1692,-26.1,1.1179,4,2,0.309,-0.21,-0.14,0.91,0.52,0.0,0.7,0,1,0,1,psychroplanet
HD 40307 g,Warm,Superterran,rocky-iron,metals-rich,1.18,2.15,1.98,0.3895282,0.6771687,1.285592,271.3,-18.1,3.45,0.29,0.57,91.2,0.77,4977.0,-0.31,1.2,7.2,12.8,5.9011,-60.0233,-26.4,0.6042,6,1,0.917,-0.15,-0.14,0.77,0.56,0.04,0.74,1,1,0,0,psychroplanet
Kapteyn b,Warm,Terran,rocky-iron,metals-rich,1.09,1.79,1.71,0.2900587,0.4342851,0.6803408000000001,231.4,-17.37,3.11,0.21,0.16,80.4,0.28,3550.0,-0.86,8.0,8.8,3.91,5.1947,-45.0183,-25.8,0.9409,2,1,0.232,0.12,-0.15,0.57,0.63,0.0,0.67,0,1,0,0,psychroplanet
Kepler-62 f,Warm,Terran,rocky-iron,metals-rich,1.0,1.41,1.41,0.388223,0.388223,0.388223,201.1,-16.89,2.68,0.0,0.72,0.0,0.69,4869.0,-0.21,7.0,14.0,368.0,18.8808,45.3499,-25.7,0.4676,5,2,0.857,0.45,-0.16,0.19,0.66,0.0,0.67,0,1,0,1,psychroplanet
Kepler-150 f,Warm,Superterran,gas,metals-rich,0.19,0.68,1.57,0.4927213,0.4927213,0.4927214,213.4,-19.22,6.92,0.0,1.24,0.0,0.63,5560.0,-0.136,4.184758828596038,13.4,973.0,19.2156,40.5209,-26.0,0.404,5,1,1.569,0.28,2.88,0.35,0.26,0.0,0.53,0,0,0,1,psychroplanet
Kepler-174 d,Warm,Superterran,rocky-iron,hydrogen-rich,1.42,3.1,2.6,0.42675159999999995,0.42675159999999995,0.42675169999999996,205.9,-17.95,4.15,0.0,0.68,0.0,0.68,4880.0,-0.556,4.184758828596038,13.4,360.0,19.1626,43.8321,-25.8,0.488,3,1,0.846,0.32,-0.13,1.77,0.36,0.0,0.61,0,1,0,1,psychroplanet
Kepler-296 f,Warm,Superterran,rocky-iron,metals-rich,1.15,2.01,1.87,0.2687829,0.3395788,0.4353369000000001,206.9,-17.22,3.33,0.12,0.28,0.0,0.45,3572.0,-0.12,4.2,10.1,226.0,19.1027,49.4373,-25.6,0.8155,5,2,0.34700000000000003,0.4,-0.14,0.86,0.51,0.0,0.6,0,1,0,1,psychroplanet
Kepler-442 b,Warm,Terran,rocky-iron,metals-rich,0.97,1.3,1.32,0.6466799,0.6999820999999999,0.7589214,237.8,-17.42,2.55,0.04,0.41,0.0,0.61,4402.0,-0.37,2.9,7.7,342.0,19.0244,39.2801,-26.3,0.7685,1,1,0.6809999999999999,-0.34,-0.16,-0.06,0.73,0.04,0.84,0,1,0,1,psychroplanet
Kepler-1229 b,Warm,Terran,rocky-iron,metals-rich,0.99,1.39,1.4,0.4901548,0.4901549,0.4901549,213.2,-17.13,2.66,0.0,0.31,0.0,0.54,3784.0,-0.06027140851661208,3.72,15.5,236.0,19.8324,46.9967,-26.0,0.8699,1,1,0.456,-0.03,-0.16,0.12,0.83,0.0,0.73,0,1,0,1,psychroplanet
Kepler-1652 b,Warm,Terran,rocky-iron,metals-rich,0.9,1.01,1.06,0.6504719,0.650472,0.6504722,228.8,-16.95,2.13,0.0,0.16,0.0,0.36,3482.0,-0.1,4.184758828596038,13.4,252.0,19.6244,49.9151,-26.3,1.1835,1,1,0.27,-0.35,-0.17,-0.37,0.65,0.0,0.85,0,1,0,1,psychroplanet
LHS 1140 b,Warm,Terran,rocky-iron,hydrogen-rich,2.26,3.23,2.15,0.23418049999999999,0.4071072,0.7728854000000001,238.9,-17.03,2.72,0.29,0.08,0.0,0.15,3131.0,-0.24,5.0,14.2,12.47,0.7497,-15.2714,-25.8,1.1837,1,1,0.118,0.18,-0.82,1.17,0.41,0.0,0.68,0,1,0,1,psychroplanet
Proxima Cen b,Warm,Terran,rocky-iron,metals-rich,0.9,1.01,1.07,0.6562118,0.6562118,0.6562119000000001,229.3,-16.96,2.13,0.0,0.05,0.0,0.12,3050.0,-0.06027140851661208,4.184758828596038,11.1,1.29,14.4953,-62.6794,-26.3,1.5493,1,1,0.086,-0.39,-0.17,-0.37,0.64,0.0,0.85,0,1,0,1,psychroplanet
TRAPPIST-1 e,Warm,Terran,rocky-iron,metals-rich,0.82,0.76,0.83,0.6544079,0.654408,0.6544082,229.1,-16.52,1.74,0.0,0.03,0.0,0.08,2550.0,0.04,0.5,18.8,12.1,23.1081,-5.0414,-26.3,2.2135,7,4,0.051,-0.42,-0.15,-0.67,0.56,0.0,0.85,0,1,0,1,psychroplanet
TRAPPIST-1 f,Warm,Terran,rocky-water,metals-rich,0.59,0.61,0.8,0.3772893,0.3772893,0.3772893,199.7,-16.2,1.98,0.0,0.04,0.0,0.08,2550.0,0.04,0.5,18.8,12.1,23.1081,-5.0414,-25.7,1.6807,7,4,0.051,0.14,0.27,-0.64,0.59,0.0,0.68,0,1,0,1,psychroplanet
Wolf 1061 c,Warm,Terran,rocky-iron,metals-rich,1.03,1.53,1.51,1.128213,1.398419,1.754743,293.2,-18.42,2.83,0.11,0.09,37.0,0.25,3305.0,-0.09,4.184758828596038,10.1,4.29,16.505,-12.6626,-27.1,1.9321,3,1,0.225,-0.96,-0.15,0.02,0.51,0.17,0.82,0,1,0,1,mesoplanet
Kepler-1410 b,Warm,Superterran,rocky-iron,metals-rich,1.16,2.07,1.92,1.344376,1.344376,1.344376,274.3,-18.76,3.38,0.0,0.26,0.0,0.63,4092.0,-0.06027140851661208,4.07,15.8,367.0,19.3673,38.7435,-27.1,1.232,1,1,0.614,-0.91,-0.14,0.51,0.49,0.11,0.78,0,1,0,1,mesoplanet
GJ 273 b,Warm,Terran,rocky-iron,metals-rich,1.0,1.43,1.43,1.003524,1.220269,1.4989540000000001,281.9,-18.17,2.7,0.1,0.09,0.0,0.29,3382.0,0.09,4.184758828596038,9.9,3.8,7.4568,5.2258,-27.0,1.7227,2,1,0.215,-0.86,-0.16,-0.05,0.53,0.79,0.86,0,1,0,1,mesoplanet
Ross 128 b,Warm,Terran,rocky-iron,metals-rich,0.91,1.05,1.1,1.176261,1.474785,1.874486,298.1,-17.92,2.19,0.12,0.05,0.0,0.17,3192.0,-0.02,5.0,11.2,3.38,11.7957,0.8046,-27.2,2.1279,1,1,0.13,-0.99,-0.17,-0.46,0.48,0.21,0.86,0,1,0,1,mesoplanet
Kepler-62 e,Warm,Superterran,rocky-iron,metals-rich,1.08,1.74,1.68,1.097676,1.097676,1.097677,260.8,-18.32,3.07,0.0,0.43,0.0,0.69,4869.0,-0.21,7.0,14.0,368.0,18.8808,45.3499,-26.8,0.7863,5,2,0.857,-0.7,-0.15,0.28,0.56,0.96,0.83,0,1,0,1,mesoplanet
GJ 180 b,Warm,Superterran,rocky-iron,metals-rich,1.22,2.32,2.09,0.9960187,1.234564,1.549138,284.2,-18.8,3.6,0.11,0.1,11.5,0.43,3371.0,-0.06027140851661208,4.184758828596038,10.9,11.69,4.8972,-17.7734,-27.0,1.745,2,2,0.244,-0.87,-0.14,0.74,0.46,0.41,0.75,0,1,0,0,mesoplanet
Kepler-452 b,Warm,Superterran,rocky-iron,metals-rich,1.09,1.77,1.7,1.109832,1.109832,1.109833,261.5,-18.35,3.1,0.0,1.05,0.0,1.04,5757.0,0.21,6.0,13.4,430.0,19.7336,44.2776,-26.8,0.5655,1,1,1.952,-0.61,-0.15,0.3,0.59,0.93,0.83,0,1,0,1,mesoplanet
tau Cet e,Warm,Terran,rocky-iron,metals-rich,1.07,1.7,1.64,1.369828,1.512054,1.673311,289.8,-18.64,3.02,0.05,0.55,313.5,0.78,5344.0,-0.55,5.8,3.5,3.65,1.7344,-15.9375,-27.2,0.7665,7,1,1.246,-0.92,-0.15,0.16,0.51,0.0,0.78,0,1,0,0,mesoplanet
Kepler-440 b,Warm,Superterran,rocky-iron,metals-rich,1.2,2.24,2.04,0.7514458,1.43441,3.096766,338.0,-18.99,3.54,0.34,0.23,0.0,0.57,4134.0,-0.3,1.3,8.3,261.0,19.0233,41.4522,-27.2,1.2857,1,1,0.5710000000000001,-0.89,-0.14,0.62,0.48,0.16,0.75,0,1,0,1,mesoplanet
GJ 3323 b,Warm,Terran,rocky-iron,metals-rich,0.95,1.23,1.25,0.776563,1.207001,1.981179,302.3,-17.95,2.44,0.23,0.03,0.0,0.16,3159.0,-0.27,4.184758828596038,12.2,5.32,5.0326,-6.9461,-27.0,1.9856,2,1,0.077,-0.84,-0.16,-0.25,0.53,0.97,0.89,0,1,0,1,mesoplanet
TRAPPIST-1 d,Warm,Subterran,rocky-iron,metals-rich,0.9,0.69,0.73,1.129725,1.129725,1.129725,262.7,-16.74,1.47,0.0,0.02,0.0,0.08,2550.0,0.04,0.5,18.8,12.1,23.1081,-5.0414,-26.9,2.9085,7,4,0.051,-0.84,-0.29,-0.86,0.45,0.9,0.9,0,1,0,1,mesoplanet
Kepler-1552 b,Warm,Superterran,rocky-iron,hydrogen-rich,1.68,4.14,3.2,1.105641,1.105641,1.105641,261.2,-19.25,4.68,0.0,0.6,0.0,0.85,5202.0,-0.06027140851661208,3.31,14.8,618.0,19.4451,38.8749,-26.8,0.6913,1,1,1.176,-0.68,-0.11,2.09,0.31,0.45,0.7,0,1,0,1,mesoplanet
Kepler-705 b,Warm,Superterran,rocky-iron,hydrogen-rich,1.36,2.86,2.46,0.832599,0.8325992,0.8325992,243.4,-18.6,4.0,0.0,0.23,0.0,0.53,3722.0,-0.06027140851661208,3.89,15.8,251.0,19.3006,41.8121,-26.5,1.1719,1,1,0.443,-0.56,-0.13,1.31,0.41,0.79,0.74,0,1,0,1,mesoplanet
Kepler-22 b,Warm,Superterran,rocky-iron,hydrogen-rich,1.57,3.68,2.94,1.1060290000000002,1.1060290000000002,1.1060290000000002,261.3,-19.15,4.47,0.0,0.85,0.0,0.97,5518.0,-0.29,9.9,12.0,190.0,19.2811,47.8844,-26.8,0.6145,1,1,1.615,-0.64,-0.12,1.79,0.34,0.53,0.71,0,1,0,1,mesoplanet
Kepler-283 c,Warm,Superterran,rocky-iron,metals-rich,1.18,2.14,1.97,0.898436,0.8984360999999998,0.8984360999999998,248.0,-18.36,3.45,0.0,0.34,0.0,0.62,4351.0,-0.26,4.184758828596038,13.4,534.0,19.5742,47.839,-26.6,0.8908,2,1,0.6459999999999999,-0.58,-0.14,0.69,0.52,0.85,0.79,0,1,0,1,mesoplanet
Kepler-1540 b,Warm,Superterran,rocky-iron,hydrogen-rich,1.71,4.25,3.25,0.9229546999999999,0.9229549000000001,0.9229552,249.7,-19.07,4.73,0.0,0.44,0.0,0.74,4540.0,-0.06027140851661208,2.51,14.1,262.0,18.8896,41.2017,-26.6,0.8293,1,1,0.8390000000000001,-0.59,-0.11,2.25,0.3,0.99,0.7,0,1,0,1,mesoplanet
HD 283869 b,Warm,Superterran,rocky-iron,metals-rich,1.26,2.47,2.2,1.146929,1.146929,1.146929,263.7,-18.79,3.72,0.0,0.4,0.0,0.74,4655.0,0.15,4.184758828596038,13.4,47.51,4.795,26.15,-26.9,0.8793,1,1,0.836,-0.76,-0.14,0.89,0.46,0.65,0.77,0,1,0,0,mesoplanet
Kepler-438 b,Warm,Terran,rocky-iron,metals-rich,0.9,1.01,1.06,1.298292,1.3779370000000002,1.46383,280.2,-17.77,2.13,0.03,0.17,0.0,0.54,3748.0,0.16,4.4,9.6,145.0,18.7764,41.9511,-27.1,1.4871,1,1,0.407,-0.94,-0.17,-0.49,0.48,0.5,0.88,0,1,0,1,mesoplanet
Kepler-20 f,Hot,Terran,rocky-iron,no-atmosphere,0.87,0.87,0.93,36.62194,36.62195,36.62196,626.7,-21.11,1.9,0.0,0.14,0.0,0.91,5466.0,0.02,8.8,12.5,290.0,19.18,42.3386,-30.7,3.6043,6,0,1.535,-2.14,-0.17,-1.01,0.3,0.0,0.33,0,0,0,1,non-habitable
Kepler-337 b,Hot,Terran,rocky-iron,metals-rich,1.05,1.61,1.57,1432.539,1432.539,1432.539,1567.4,-26.04,2.92,0.0,0.04,0.0,0.96,5684.0,-0.131,4.184758828596038,13.4,424.0,19.3374,47.164,-34.7,20.9596,2,0,3.036,-2.42,-0.15,-0.96,0.28,0.0,0.28,0,0,0,1,non-habitable
HD 176051 b,Cold,Jovian,gas,hydrogen-rich,0.37,4.0,6.61,0.2118091,0.2118091,0.2118092,172.8,-20.7,20.86,0.0,1.76,0.0,0.9,5480.118776483051,-0.06027140851661208,4.184758828596038,5.2,14.99,18.9506,32.9014,-25.0,4.8461,1,0,1.6869999999999998,1.77,7.02,7.99,0.08,0.0,0.29,0,0,0,1,non-habitable
Kepler-5 b,Hot,Jovian,gas,hydrogen-rich,0.16,2.62,6.48,1768.47,1768.47,1768.471,1652.1,-31.38,30.83,0.0,0.05,0.0,1.37,6297.0,0.04,4.184758828596038,13.4,424.0,19.9606,44.035,-34.9,18.9552,1,0,3.607,-2.46,11.93,1.35,0.08,0.0,0.06,0,0,0,1,non-habitable
HD 69830 c,Hot,Jovian,gas,metals-rich,0.2,1.28,2.86,13.6819,17.6179,23.07887,558.4,-24.36,12.18,0.13,0.18,221.0,0.86,5385.0,-0.05,7.0,6.0,12.6,8.3064,-12.6319,-29.9,2.5865,3,1,1.423,-1.99,4.15,0.69,0.18,0.0,0.25,1,0,0,1,non-habitable
HAT-P-54 b,Hot,Jovian,gas,hydrogen-rich,0.2,2.16,4.78,64.89006,75.04971,87.28399,778.7,-27.03,20.2,0.07,0.04,0.0,0.65,4390.0,-0.127,3.9,13.5,135.8,6.6599,25.4825,-31.4,8.0151,1,0,0.71,-2.15,6.9,1.64,0.12,0.0,0.1,0,0,0,1,non-habitable
Kepler-56 c,Hot,Jovian,gas,metals-rich,0.19,1.86,4.28,322.7988,322.7988,322.7988,1079.9,-28.47,18.81,0.0,0.17,0.0,1.32,4840.0,0.2,3.5,13.0,424.0,19.5839,41.8719,-33.0,13.6779,3,0,5.699,-2.3,6.42,0.79,0.13,0.0,0.09,0,0,0,1,non-habitable
Kepler-4 b,Hot,Neptunian,water-gas,metals-rich,0.41,1.64,2.56,1122.75,1122.75,1122.75,1474.7,-27.86,7.6,0.0,0.05,0.0,1.22,5857.0,0.17,4.5,12.7,550.0,19.0411,50.1358,-34.4,17.4455,1,0,2.6830000000000003,-2.42,1.97,-0.44,0.24,0.0,0.18,0,0,0,1,non-habitable
Kepler-408 b,Hot,Subterran,iron,metals-rich,11.63,9.51,2.79,1331.687,1331.687,1331.687,1539.0,-24.58,1.55,0.0,0.04,0.0,1.08,6104.0,-0.2,6.68,9.0,424.0,18.9858,48.4231,-34.6,17.4934,1,0,2.361,-2.44,-1.98,-0.36,0.24,0.0,0.29,0,0,0,1,non-habitable
Kepler-165 c,Hot,Superterran,rocky-iron,metals-rich,1.45,3.24,2.69,32.4168,32.41681,32.41681,607.9,-22.72,4.24,0.0,0.11,0.0,0.76,5211.0,-0.28,4.184758828596038,13.4,424.0,18.7127,47.8097,-30.5,3.7311,2,0,1.164,-2.11,-0.12,0.38,0.32,0.0,0.28,0,0,0,1,non-habitable
Kepler-134 c,Hot,Terran,rocky-iron,metals-rich,0.94,1.18,1.22,189.1273,189.1273,189.1273,944.8,-23.39,2.38,0.0,0.09,0.0,1.02,5983.0,-0.06027140851661208,4.184758828596038,13.4,424.0,18.9826,49.5984,-32.4,6.8393,2,0,2.198,-2.34,-0.16,-0.96,0.28,0.0,0.3,0,0,0,1,non-habitable
HD 68402 b,Cold,Jovian,gas,hydrogen-rich,0.63,7.29,9.18,0.232051,0.2462865,0.2616385,182.2,-20.99,22.13,0.03,2.18,341.0,1.12,5950.0,0.29,2.0,9.1,78.0,8.09,-74.4106,-25.2,0.2495,1,0,1.884,1.55,8.08,11.52,0.07,0.0,0.28,0,0,0,1,non-habitable
HD 96700 c,Hot,Neptunian,gas,metals-rich,0.2,0.8,1.78,4.290738,8.666146,20.28495,540.7,-22.63,7.6,0.37,0.39,0.0,0.94,5940.0,-0.06027140851661208,4.184758828596038,6.5,25.6,11.1317,-30.1744,-29.2,1.5454,2,0,2.088,-1.77,2.94,-0.1,0.23,0.0,0.37,0,0,0,1,non-habitable
Kepler-295 b,Hot,Terran,rocky-iron,metals-rich,0.93,1.14,1.18,73.07803,73.07804,73.07806,744.9,-22.29,2.32,0.0,0.1,0.0,0.81,5603.0,-0.332,4.184758828596038,13.4,424.0,19.0231,45.3678,-31.4,4.8461,3,0,1.519,-2.24,-0.17,-0.89,0.29,0.0,0.31,0,0,0,1,non-habitable
Kepler-1571 b,Hot,Terran,rocky-iron,metals-rich,1.04,1.59,1.56,1219.903,1219.903,1219.903,1505.7,-25.84,2.89,0.0,0.05,0.0,1.23,6297.0,-0.06027140851661208,2.34,13.8,802.0,20.0624,45.5965,-34.5,15.7207,1,0,2.7960000000000003,-2.45,-0.15,-0.95,0.28,0.0,0.28,0,0,0,1,non-habitable
K2-83 c,Hot,Terran,rocky-iron,metals-rich,1.03,1.52,1.5,7.274356,7.274358,7.274359,418.4,-20.2,2.82,0.0,0.07,0.0,0.48,3910.0,-0.06027140851661208,4.184758828596038,14.5,424.0,3.9934,15.5589,-28.9,3.1391,2,0,0.397,-1.71,-0.16,-0.31,0.36,0.0,0.45,0,0,0,1,non-habitable
Kepler-276 d,Hot,Neptunian,rocky-water,metals-rich,0.64,1.78,2.24,13.96431,13.96431,13.96431,492.5,-22.3,5.32,0.0,0.26,0.0,0.96,5812.0,0.012,4.184758828596038,13.4,424.0,19.5711,39.0364,-29.6,1.9683,3,0,1.695,-1.95,0.9,0.22,0.32,0.0,0.3,0,0,0,1,non-habitable
Kepler-1195 b,Hot,Superterran,rocky-iron,metals-rich,1.34,2.8,2.41,50.61296,50.61297,50.61298,679.5,-23.06,3.96,0.0,0.07,0.0,0.74,4965.0,-0.06027140851661208,4.47,15.9,812.0,18.9567,40.853,-31.0,5.1363,1,0,0.996,-2.16,-0.13,0.06,0.32,0.0,0.28,0,0,0,1,non-habitable
