P. Name,P. Zone Class,P. Mass Class,P. Composition Class,P. Atmosphere Class,P. Density (EU),P. Gravity (EU),P. Esc Vel (EU),P. SFlux Min (EU),P. SFlux Mean (EU),P. SFlux Max (EU),P. Teq Max (K),P. Mag,P. Appar Size (deg),P. Eccentricity,P. Mean Distance (AU),P. Omega (deg),S. Mass (SU),S. Teff (K),S. [Fe/H],S. Age (Gyrs),S. Appar Mag,S. Distance (pc),S. RA (hrs),S. DEC (deg),S. Mag from Planet,S. Size from Planet (deg),S. No. Planets,S. No. Planets HZ,S. Hab Zone Max (AU),P. HZD,P. HZC,P. HZA,P. HZI,P. SPH,P. ESI,S. HabCat,P. Habitable,P. Hab Moon,P. Confirmed,P. Habitable Class
GJ 163 c,Warm,Superterran,rocky-iron,metals-rich,1.19,2.17,1.99,0.5515569,0.6630019,0.804139,241.3,-18.05,3.48,0.09,0.12,235.4,0.4,3840.0,-0.06027140851661208,3.0,11.8,15.0,4.1544,-53.3736,-26.3,0.9881,3,1,0.212,-0.34,-0.14,0.81,0.53,0.08,0.73,0,1,0,1,psychroplanet
GJ 667 C e,Warm,Terran,rocky-iron,metals-rich,0.99,1.39,1.39,0.290249,0.3020295,0.3144201,190.8,-16.59,2.65,0.02,0.21,28.6,0.33,3350.0,-0.55,2.0,10.2,6.8,17.3158,-34.9897,-25.4,0.8714,6,3,0.251,0.51,-0.16,0.23,0.63,0.0,0.6,0,1,0,0,psychroplanet
GJ 667 C f,Warm,Terran,rocky-iron,metals-rich,0.99,1.39,1.39,0.5306531,0.5632069000000001,0.5983137,224.1,-17.28,2.65,0.03,0.16,103.0,0.33,3350.0,-0.55,2.0,10.2,6.8,17.3158,-34.9897,-26.1,1.19,6,3,0.251,-0.22,-0.16,0.08,0.78,0.0,0.77,0,1,0,0,psychroplanet
GJ 682 c,Warm,Superterran,rocky-iron,hydrogen-rich,1.24,2.37,2.13,0.3020603,0.3673006,0.45118450000000004,208.8,-17.51,3.64,0.1,0.18,320.9,0.27,3028.0,-0.06027140851661208,4.184758828596038,13.4,5.08,17.6177,-43.6808,-25.6,1.1831,2,1,0.232,0.23,-0.14,1.19,0.45,0.0,0.59,0,1,0,0,psychroplanet
GJ 3293 d,Warm,Superterran,rocky-iron,metals-rich,1.2,2.22,2.03,0.44768679999999994,0.5656049,0.7251003,235.1,-17.91,3.52,0.12,0.19,322.0,0.42,3466.0,0.02,4.184758828596038,12.0,17.9,4.4767,-25.1692,-26.1,1.1179,4,2,0.309,-0.21,-0.14,0.91,0.52,0.0,0.7,0,1,0,1,psychroplanet
HD 40307 g,Warm,Superterran,rocky-iron,metals-rich,1.18,2.15,1.98,0.3895282,0.6771687,1.285592,271.3,-18.1,3.45,0.29,0.57,91.2,0.77,4977.0,-0.31,1.2,7.2,12.8,5.9011,-60.0233,-26.4,0.6042,6,1,0.917,-0.15,-0.14,0.77,0.56,0.04,0.74,1,1,0,0,psychroplanet
Kapteyn b,Warm,Terran,rocky-iron,metals-rich,1.09,1.79,1.71,0.2900587,0.4342851,0.6803408000000001,231.4,-17.37,3.11,0.21,0.16,80.4,0.28,3550.0,-0.86,8.0,8.8,3.91,5.1947,-45.0183,-25.8,0.9409,2,1,0.232,0.12,-0.15,0.57,0.63,0.0,0.67,0,1,0,0,psychroplanet
Kepler-62 f,Warm,Terran,rocky-iron,metals-rich,1.0,1.41,1.41,0.388223,0.388223,0.388223,201.1,-16.89,2.68,0.0,0.72,0.0,0.69,4869.0,-0.21,7.0,14.0,368.0,18.8808,45.3499,-25.7,0.4676,5,2,0.857,0.45,-0.16,0.19,0.66,0.0,0.67,0,1,0,1,psychroplanet
Kepler-150 f,Warm,Superterran,gas,metals-rich,0.19,0.68,1.57,0.4927213,0.4927213,0.4927214,213.4,-19.22,6.92,0.0,1.24,0.0,0.63,5560.0,-0.136,4.184758828596038,13.4,973.0,19.2156,40.5209,-26.0,0.404,5,1,1.569,0.28,2.88,0.35,0.26,0.0,0.53,0,0,0,1,psychroplanet
Kepler-174 d,Warm,Superterran,rocky-iron,hydrogen-rich,1.42,3.1,2.6,0.42675159999999995,0.42675159999999995,0.42675169999999996,205.9,-17.95,4.15,0.0,0.68,0.0,0.68,4880.0,-0.556,4.184758828596038,13.4,360.0,19.1626,43.8321,-25.8,0.488,3,1,0.846,0.32,-0.13,1.77,0.36,0.0,0.61,0,1,0,1,psychroplanet
Kepler-296 f,Warm,Superterran,rocky-iron,metals-rich,1.15,2.01,1.87,0.2687829,0.3395788,0.4353369000000001,206.9,-17.22,3.33,0.12,0.28,0.0,0.45,3572.0,-0.12,4.2,10.1,226.0,19.1027,49.4373,-25.6,0.8155,5,2,0.34700000000000003,0.4,-0.14,0.86,0.51,0.0,0.6,0,1,0,1,psychroplanet
Kepler-442 b,Warm,Terran,rocky-iron,metals-rich,0.97,1.3,1.32,0.6466799,0.6999820999999999,0.7589214,237.8,-17.42,2.55,0.04,0.41,0.0,0.61,4402.0,-0.37,2.9,7.7,342.0,19.0244,39.2801,-26.3,0.7685,1,1,0.6809999999999999,-0.34,-0.16,-0.06,0.73,0.04,0.84,0,1,0,1,psychroplanet
Kepler-1229 b,Warm,Terran,rocky-iron,metals-rich,0.99,1.39,1.4,0.4901548,0.4901549,0.4901549,213.2,-17.13,2.66,0.0,0.31,0.0,0.54,3784.0,-0.06027140851661208,3.72,15.5,236.0,19.8324,46.9967,-26.0,0.8699,1,1,0.456,-0.03,-0.16,0.12,0.83,0.0,0.73,0,1,0,1,psychroplanet
Kepler-1652 b,Warm,Terran,rocky-iron,metals-rich,0.9,1.01,1.06,0.6504719,0.650472,0.6504722,228.8,-16.95,2.13,0.0,0.16,0.0,0.36,3482.0,-0.1,4.184758828596038,13.4,252.0,19.6244,49.9151,-26.3,1.1835,1,1,0.27,-0.35,-0.17,-0.37,0.65,0.0,0.85,0,1,0,1,psychroplanet
LHS 1140 b,Warm,Terran,rocky-iron,hydrogen-rich,2.26,3.23,2.15,0.23418049999999999,0.4071072,0.7728854000000001,238.9,-17.03,2.72,0.29,0.08,0.0,0.15,3131.0,-0.24,5.0,14.2,12.47,0.7497,-15.2714,-25.8,1.1837,1,1,0.118,0.18,-0.82,1.17,0.41,0.0,0.68,0,1,0,1,psychroplanet
Proxima Cen b,Warm,Terran,rocky-iron,metals-rich,0.9,1.01,1.07,0.6562118,0.6562118,0.6562119000000001,229.3,-16.96,2.13,0.0,0.05,0.0,0.12,3050.0,-0.06027140851661208,4.184758828596038,11.1,1.29,14.4953,-62.6794,-26.3,1.5493,1,1,0.086,-0.39,-0.17,-0.37,0.64,0.0,0.85,0,1,0,1,psychroplanet
TRAPPIST-1 e,Warm,Terran,rocky-iron,metals-rich,0.82,0.76,0.83,0.6544079,0.654408,0.6544082,229.1,-16.52,1.74,0.0,0.03,0.0,0.08,2550.0,0.04,0.5,18.8,12.1,23.1081,-5.0414,-26.3,2.2135,7,4,0.051,-0.42,-0.15,-0.67,0.56,0.0,0.85,0,1,0,1,psychroplanet
TRAPPIST-1 f,Warm,Terran,rocky-water,metals-rich,0.59,0.61,0.8,0.3772893,0.3772893,0.3772893,199.7,-16.2,1.98,0.0,0.04,0.0,0.08,2550.0,0.04,0.5,18.8,12.1,23.1081,-5.0414,-25.7,1.6807,7,4,0.051,0.14,0.27,-0.64,0.59,0.0,0.68,0,1,0,1,psychroplanet
Kepler-1552 b,Warm,Superterran,rocky-iron,hydrogen-rich,1.68,4.14,3.2,1.105641,1.105641,1.105641,261.2,-19.25,4.68,0.0,0.6,0.0,0.85,5202.0,-0.06027140851661208,3.31,14.8,618.0,19.4451,38.8749,-26.8,0.6913,1,1,1.176,-0.68,-0.11,2.09,0.31,0.45,0.7,0,1,0,1,mesoplanet
Kepler-62 e,Warm,Superterran,rocky-iron,metals-rich,1.08,1.74,1.68,1.097676,1.097676,1.097677,260.8,-18.32,3.07,0.0,0.43,0.0,0.69,4869.0,-0.21,7.0,14.0,368.0,18.8808,45.3499,-26.8,0.7863,5,2,0.857,-0.7,-0.15,0.28,0.56,0.96,0.83,0,1,0,1,mesoplanet
Ross 128 b,Warm,Terran,rocky-iron,metals-rich,0.91,1.05,1.1,1.176261,1.474785,1.874486,298.1,-17.92,2.19,0.12,0.05,0.0,0.17,3192.0,-0.02,5.0,11.2,3.38,11.7957,0.8046,-27.2,2.1279,1,1,0.13,-0.99,-0.17,-0.46,0.48,0.21,0.86,0,1,0,1,mesoplanet
Kepler-438 b,Warm,Terran,rocky-iron,metals-rich,0.9,1.01,1.06,1.298292,1.3779370000000002,1.46383,280.2,-17.77,2.13,0.03,0.17,0.0,0.54,3748.0,0.16,4.4,9.6,145.0,18.7764,41.9511,-27.1,1.4871,1,1,0.407,-0.94,-0.17,-0.49,0.48,0.5,0.88,0,1,0,1,mesoplanet
K2-72 e,Warm,Terran,rocky-iron,metals-rich,0.99,1.39,1.4,1.461332,1.461332,1.461333,280.1,-18.32,2.66,0.0,0.12,0.0,0.41,3497.0,-0.06027140851661208,4.184758828596038,15.3,55.52,22.3081,-9.6124,-27.1,1.7588,4,1,0.311,-0.99,-0.16,-0.12,0.5,0.06,0.82,0,1,0,1,mesoplanet
Kepler-283 c,Warm,Superterran,rocky-iron,metals-rich,1.18,2.14,1.97,0.898436,0.8984360999999998,0.8984360999999998,248.0,-18.36,3.45,0.0,0.34,0.0,0.62,4351.0,-0.26,4.184758828596038,13.4,534.0,19.5742,47.839,-26.6,0.8908,2,1,0.6459999999999999,-0.58,-0.14,0.69,0.52,0.85,0.79,0,1,0,1,mesoplanet
HD 283869 b,Warm,Superterran,rocky-iron,metals-rich,1.26,2.47,2.2,1.146929,1.146929,1.146929,263.7,-18.79,3.72,0.0,0.4,0.0,0.74,4655.0,0.15,4.184758828596038,13.4,47.51,4.795,26.15,-26.9,0.8793,1,1,0.836,-0.76,-0.14,0.89,0.46,0.65,0.77,0,1,0,0,mesoplanet
Kepler-61 b,Warm,Superterran,rocky-iron,hydrogen-rich,1.39,2.99,2.54,0.7885342,1.272237,2.1899319999999998,309.9,-19.14,4.09,0.25,0.26,0.0,0.64,4017.0,0.03,1.0,15.0,326.0,19.6869,42.4753,-27.0,1.2639,1,1,0.614,-0.84,-0.13,1.24,0.4,0.27,0.73,0,1,0,1,mesoplanet
GJ 273 b,Warm,Terran,rocky-iron,metals-rich,1.0,1.43,1.43,1.003524,1.220269,1.4989540000000001,281.9,-18.17,2.7,0.1,0.09,0.0,0.29,3382.0,0.09,4.184758828596038,9.9,3.8,7.4568,5.2258,-27.0,1.7227,2,1,0.215,-0.86,-0.16,-0.05,0.53,0.79,0.86,0,1,0,1,mesoplanet
Kepler-22 b,Warm,Superterran,rocky-iron,hydrogen-rich,1.57,3.68,2.94,1.1060290000000002,1.1060290000000002,1.1060290000000002,261.3,-19.15,4.47,0.0,0.85,0.0,0.97,5518.0,-0.29,9.9,12.0,190.0,19.2811,47.8844,-26.8,0.6145,1,1,1.615,-0.64,-0.12,1.79,0.34,0.53,0.71,0,1,0,1,mesoplanet
Kepler-705 b,Warm,Superterran,rocky-iron,hydrogen-rich,1.36,2.86,2.46,0.832599,0.8325992,0.8325992,243.4,-18.6,4.0,0.0,0.23,0.0,0.53,3722.0,-0.06027140851661208,3.89,15.8,251.0,19.3006,41.8121,-26.5,1.1719,1,1,0.443,-0.56,-0.13,1.31,0.41,0.79,0.74,0,1,0,1,mesoplanet
GJ 3323 b,Warm,Terran,rocky-iron,metals-rich,0.95,1.23,1.25,0.776563,1.207001,1.981179,302.3,-17.95,2.44,0.23,0.03,0.0,0.16,3159.0,-0.27,4.184758828596038,12.2,5.32,5.0326,-6.9461,-27.0,1.9856,2,1,0.077,-0.84,-0.16,-0.25,0.53,0.97,0.89,0,1,0,1,mesoplanet
GJ 832 c,Warm,Superterran,rocky-iron,metals-rich,1.12,1.89,1.79,0.9315085999999999,0.9886534,1.0502799999999999,257.9,-18.31,3.21,0.03,0.16,80.0,0.45,3472.0,-0.31,4.184758828596038,8.7,4.94,21.5594,-49.0089,-26.7,1.4679,2,1,0.342,-0.71,-0.15,0.44,0.54,0.98,0.81,1,1,0,1,mesoplanet
Kepler-1090 b,Warm,Superterran,rocky-iron,hydrogen-rich,1.47,3.32,2.73,1.20485,1.20485,1.2048510000000001,266.9,-19.15,4.28,0.0,0.63,0.0,0.86,5321.0,-0.06027140851661208,4.37,15.0,702.0,19.7109,44.5258,-26.9,0.6898,1,1,1.28,-0.74,-0.12,1.5,0.37,0.23,0.72,0,1,0,1,mesoplanet
Kepler-1638 b,Warm,Superterran,rocky-iron,metals-rich,1.21,2.26,2.06,1.3873799999999998,1.3873799999999998,1.387381,276.5,-18.9,3.56,0.0,0.79,0.0,0.97,5710.0,-0.06027140851661208,4.37,14.8,879.0,19.6988,48.5244,-27.1,0.6427,1,1,1.65,-0.81,-0.14,0.66,0.49,0.02,0.76,0,1,0,1,mesoplanet
Kepler-1410 b,Warm,Superterran,rocky-iron,metals-rich,1.16,2.07,1.92,1.344376,1.344376,1.344376,274.3,-18.76,3.38,0.0,0.26,0.0,0.63,4092.0,-0.06027140851661208,4.07,15.8,367.0,19.3673,38.7435,-27.1,1.232,1,1,0.614,-0.91,-0.14,0.51,0.49,0.11,0.78,0,1,0,1,mesoplanet
GJ 180 b,Warm,Superterran,rocky-iron,metals-rich,1.22,2.32,2.09,0.9960187,1.234564,1.549138,284.2,-18.8,3.6,0.11,0.1,11.5,0.43,3371.0,-0.06027140851661208,4.184758828596038,10.9,11.69,4.8972,-17.7734,-27.0,1.745,2,2,0.244,-0.87,-0.14,0.74,0.46,0.41,0.75,0,1,0,0,mesoplanet
tau Cet e,Warm,Terran,rocky-iron,metals-rich,1.07,1.7,1.64,1.369828,1.512054,1.673311,289.8,-18.64,3.02,0.05,0.55,313.5,0.78,5344.0,-0.55,5.8,3.5,3.65,1.7344,-15.9375,-27.2,0.7665,7,1,1.246,-0.92,-0.15,0.16,0.51,0.0,0.78,0,1,0,0,mesoplanet
Kepler-1565 b,Hot,Terran,rocky-iron,no-atmosphere,0.92,1.1,1.14,502.9628,502.9628,502.9628,1206.5,-24.33,2.26,0.0,0.02,0.0,0.76,4940.0,-0.06027140851661208,5.62,15.3,657.0,19.8635,40.8068,-33.5,16.4064,1,0,1.016,-2.33,-0.17,-1.09,0.28,0.0,0.29,0,0,0,1,non-habitable
PSR B0943+10 b,Warm,Jovian,gas,hydrogen-rich,0.58,6.7,8.79,1.5625,1.5625,1.5625,284.8,-22.99,22.04,0.0,1.8,0.0,1.5,5480.118776483051,-0.06027140851661208,4.184758828596038,13.4,424.0,9.7687,9.8659,-27.2,4.8461,2,2,1.6869999999999998,-0.91,7.93,8.34,0.08,0.0,0.41,0,0,0,1,non-habitable
K2-42 b,Hot,Superterran,rocky-iron,metals-rich,1.39,2.99,2.54,43.71326,43.71327,43.71328,655.1,-22.96,4.09,0.0,0.06,0.0,0.7,4613.0,-0.06027140851661208,4.184758828596038,15.0,424.0,11.7777,-5.1719,-30.9,5.53,1,0,0.799,-2.11,-0.13,0.19,0.32,0.0,0.28,0,0,0,1,non-habitable
Kepler-1194 b,Hot,Terran,rocky-iron,metals-rich,1.04,1.57,1.54,49.14446,49.14447,49.14447,674.5,-22.32,2.87,0.0,0.12,0.0,0.94,5590.0,-0.06027140851661208,4.79,14.1,616.0,19.4466,38.1453,-31.0,3.9922,1,0,1.548,-2.19,-0.15,-0.58,0.31,0.0,0.31,0,0,0,1,non-habitable
HD 34445 c,Hot,Jovian,gas,hydrogen-rich,0.2,1.29,2.88,3.581253,3.846102,4.136044,363.3,-22.71,12.25,0.04,0.72,149.0,1.07,5836.0,0.14,8.5,7.3,46.5,5.2947,7.3533,-28.2,1.0248,6,2,2.477,-1.47,4.17,1.22,0.18,0.0,0.42,1,0,0,1,non-habitable
Kepler-149 d,Hot,Neptunian,gas,metals-rich,0.2,0.79,1.76,2.082173,2.082173,2.082173,306.0,-20.97,7.52,0.0,0.57,0.0,0.97,5381.0,0.147,4.184758828596038,13.4,424.0,19.0569,38.3841,-27.5,0.8866,3,0,1.509,-1.14,2.92,0.22,0.24,0.0,0.51,0,0,0,1,non-habitable
HD 24040 b,Cold,Jovian,gas,hydrogen-rich,0.8,9.38,10.46,0.07065008,0.07647336,0.0829125,136.7,-19.73,22.3,0.04,4.92,154.0,1.18,5853.0,0.206,6.68,7.5,46.51,3.8397,17.4764,-23.9,0.1442,1,0,2.389,4.69,8.56,15.73,0.05,0.0,0.16,1,0,0,1,non-habitable
Kepler-238 d,Hot,Neptunian,gas,metals-rich,0.2,0.6,1.36,54.58442,54.58443,54.58443,692.5,-23.98,5.83,0.0,0.12,0.0,1.43,5614.0,0.14300000000000002,4.184758828596038,13.4,424.0,19.1931,40.6378,-31.1,4.1716,5,0,1.524,-2.2,2.56,-0.73,0.22,0.0,0.23,0,0,0,1,non-habitable
HD 106515 A b,Cold,Jovian,gas,hydrogen-rich,1.96,22.76,16.24,0.02380751,0.07169883,0.3210498,191.8,-19.86,22.16,0.57,3.76,123.8,0.91,5232.0,0.01,6.0,7.3,35.2,12.2519,-7.2572,-24.1,0.1928,1,0,2.065,5.55,11.15,24.94,0.03,0.0,0.13,0,0,0,1,non-habitable
Kepler-496 b,Hot,Superterran,rocky-iron,metals-rich,1.53,3.55,2.87,81.27052,81.27054,81.27055,764.9,-23.81,4.41,0.0,0.08,0.0,0.86,5293.0,-0.06027140851661208,4.57,14.8,655.0,19.4427,41.24100000000001,-31.5,5.7274,1,0,1.27,-2.23,-0.12,0.28,0.31,0.0,0.26,0,0,0,1,non-habitable
Kepler-1380 b,Hot,Terran,rocky-iron,metals-rich,1.01,1.44,1.44,91.26588,91.26588,91.26591,787.4,-22.88,2.72,0.0,0.09,0.0,0.96,5570.0,-0.06027140851661208,4.79,15.6,1209.0,19.2077,42.4404,-31.7,5.4805,1,0,1.5730000000000002,-2.26,-0.16,-0.74,0.3,0.0,0.3,0,0,0,1,non-habitable
Kepler-31 b,Hot,Neptunian,gas,metals-rich,0.2,0.85,1.9,84.28038,84.2804,84.28041,771.9,-25.17,8.09,0.0,0.16,0.0,1.21,6340.0,-0.08,4.184758828596038,15.5,424.0,19.6017,45.8531,-31.6,4.0643,3,0,2.479,-2.28,3.06,-0.41,0.21,0.0,0.18,0,0,0,1,non-habitable
Kepler-324 b,Hot,Terran,rocky-iron,no-atmosphere,0.91,1.04,1.09,184.2961,184.2961,184.2961,938.7,-23.16,2.17,0.0,0.05,0.0,0.86,5194.0,-0.009000000000000001,4.184758828596038,13.4,424.0,19.0981,49.649,-32.4,8.9621,2,0,1.264,-2.29,-0.17,-1.04,0.28,0.0,0.3,0,0,0,1,non-habitable
HD 286123 b,Hot,Jovian,gas,metals-rich,0.09,1.01,3.36,101.3552,165.9878,291.2794,1052.5,-28.06,21.41,0.26,0.1,207.0,1.19,6154.0,0.1,1.43,9.8,133.1,4.9178,18.6544,-32.3,6.1606,1,0,2.256,-2.34,8.2,0.41,0.1,0.0,0.08,0,0,0,1,non-habitable
Kepler-233 b,Hot,Superterran,rocky-iron,metals-rich,1.65,4.0,3.12,72.14309,72.1431,72.14311,742.5,-23.78,4.62,0.0,0.08,0.0,0.85,5360.0,-0.067,4.184758828596038,13.4,424.0,19.7578,51.3195,-31.4,5.2618,2,0,1.2,-2.22,-0.11,0.48,0.31,0.0,0.25,0,0,0,1,non-habitable
Kepler-402 d,Hot,Terran,rocky-iron,metals-rich,0.99,1.36,1.37,258.8579,258.858,258.858,1021.9,-23.93,2.62,0.0,0.09,0.0,1.1,6090.0,-0.22,4.184758828596038,13.4,424.0,19.2247,43.3546,-32.8,7.7239,4,0,2.41,-2.37,-0.16,-0.9,0.28,0.0,0.29,0,0,0,1,non-habitable
Kepler-36 c,Hot,Superterran,gas,metals-rich,0.16,0.6,1.48,181.9955,181.9956,181.9956,935.8,-25.69,6.99,0.0,0.13,0.0,1.11,5900.0,-0.06027140851661208,6.922999999999999,12.0,424.0,19.4167,49.2319,-32.4,6.8993,2,0,3.028,-2.34,3.13,-0.79,0.2,0.0,0.19,0,0,0,1,non-habitable
Kepler-332 c,Hot,Terran,rocky-iron,metals-rich,0.89,0.97,1.03,21.57346,21.57346,21.57346,549.1,-20.71,2.06,0.0,0.11,0.0,0.8,4955.0,0.05,4.184758828596038,13.4,424.0,19.1109,47.4137,-30.1,3.3663,3,0,1.007,-2.02,-0.17,-0.88,0.31,0.0,0.35,0,0,0,1,non-habitable
